{
  "blackswan": 0.07553645052391296,
  "bmx-trees": 0.022183377013119482,
  "breakdance": 0.10783392361941267,
  "camel": 0.0479057298221508,
  "car-roundabout": 0.09077253206255757,
  "car-shadow": 0.04026843760519333,
  "cows": 0.09487993936189945,
  "dance-twirl": 0.07397112235644217,
  "dog": 0.07526763035830276,
  "drift-chicane": 0.01929767661691097,
  "drift-straight": 0.10632602152452547,
  "goat": 0.05957433095752208,
  "horsejump-high": 0.045043269318447,
  "kite-surf": 0.01670256676130153,
  "libby": 0.025679802918683884,
  "motocross-jump": 0.12435176843894422,
  "paragliding-launch": 0.029281560896441232,
  "parkour": 0.03297438488222893,
  "scooter-black": 0.05760914223878353,
  "soapbox": 0.09873469019514378,
  "t mIoU": 0.06220971787359619
}